{
  "version": 1,
  "items": {
    "card-2": {
      "position": [
        0.11323782035532118,
        0.08,
        1.8172726335944311
      ],
      "rotation": [
        0,
        0.034369771300504726,
        0
      ],
      "scale": 1.0020020013340003
    },
    "card-1": {
      "position": [
        1.8117660945961314,
        0.08,
        0.8955473962716399
      ],
      "rotation": [
        0,
        -0.11396799715694501,
        0
      ],
      "scale": 1
    },
    "card-0": {
      "position": [
        -1.4937331883017402,
        0.08,
        0.8941964295211011
      ],
      "rotation": [
        0,
        0.18556324503899602,
        0
      ],
      "scale": 1.0020020013340003
    },
    "polaroid-0": {
      "position": [
        0.2578901923593676,
        0.07,
        0.7687772315847213
      ],
      "rotation": [
        0,
        0.030779739402662765,
        0
      ],
      "scale": 3
    },
    "polaroid-4": {
      "position": [
        -2.2580284225453,
        0.07,
        0.015958083288437397
      ],
      "rotation": [
        0,
        -0.012150226789839125,
        0
      ],
      "scale": 1
    },
    "polaroid-8": {
      "position": [
        -1.3433002188002852,
        0.07,
        -1.4218933852242532
      ],
      "rotation": [
        0,
        -0.13946304523701772,
        0
      ],
      "scale": 1
    },
    "polaroid-12": {
      "position": [
        -0.2949747284750659,
        0.07,
        -1.8213345172991862
      ],
      "rotation": [
        0,
        0.11111350093888138,
        0
      ],
      "scale": 1
    },
    "polaroid-1": {
      "position": [
        0.716302875873652,
        0.07,
        -1.95459835689259
      ],
      "rotation": [
        0,
        0.1004298527259332,
        0
      ],
      "scale": 1
    },
    "polaroid-5": {
      "position": [
        -0.35548849983828656,
        0.07,
        3.4469258587755385
      ],
      "rotation": [
        0,
        -0.008172380079861213,
        0
      ],
      "scale": 1
    },
    "polaroid-7": {
      "position": [
        1.8831857355112782,
        0.060000000000000005,
        3.195094181493492
      ],
      "rotation": [
        0,
        -0.25096325033281874,
        0
      ],
      "scale": 1.4190675485932644
    },
    "polaroid-3": {
      "position": [
        -2.456008528118681,
        0.07,
        1.5500660761165233
      ],
      "rotation": [
        0,
        0.09456484527716114,
        0
      ],
      "scale": 1
    },
    "polaroid-9": {
      "position": [
        -2.4357307807445907,
        0.07,
        0.8294190441548801
      ],
      "rotation": [
        0,
        -0.08837732930212504,
        0
      ],
      "scale": 1
    },
    "polaroid-6": {
      "position": [
        2.5564867584260096,
        0.07,
        -0.7794812681679524
      ],
      "rotation": [
        0,
        -0.10595234934310992,
        0
      ],
      "scale": 1.0020020013340003
    },
    "polaroid-11": {
      "position": [
        3.018662495568028,
        0.07,
        1.4278812910477128
      ],
      "rotation": [
        0,
        0.11111350093888138,
        0
      ],
      "scale": 0.9960079893439915
    },
    "polaroid-15": {
      "position": [
        0.6747099765588995,
        0.07,
        3.5485278428016414
      ],
      "rotation": [
        0,
        -0.02440574937121715,
        0
      ],
      "scale": 1
    },
    "polaroid-14": {
      "position": [
        2.724024590888253,
        0.07,
        2.33995153419715
      ],
      "rotation": [
        0,
        0.08188840700484665,
        0
      ],
      "scale": 1.0020020013340003
    },
    "polaroid-10": {
      "position": [
        -2.0473131790612147,
        0.07,
        -0.6485849109300262
      ],
      "rotation": [
        0,
        0.01631688867906911,
        0
      ],
      "scale": 1
    },
    "polaroid-2": {
      "position": [
        2.933065837224165,
        0.07,
        -0.06902501909260339
      ],
      "rotation": [
        0,
        0.13994030442581074,
        0
      ],
      "scale": 1.0020020013340003
    },
    "polaroid-13": {
      "position": [
        -1.339606930470169,
        0.07,
        2.9267701186207726
      ],
      "rotation": [
        0,
        0.015033219452115774,
        0
      ],
      "scale": 1
    },
    "polaroid-17": {
      "position": [
        -2.045510467972913,
        0.07,
        2.2291148103726734
      ],
      "rotation": [
        0,
        -0.11,
        0
      ],
      "scale": 1
    },
    "polaroid-18": {
      "position": [
        1.9431468293296508,
        0.07,
        -1.3700979076949822
      ],
      "rotation": [
        0,
        0.09,
        0
      ],
      "scale": 1.0020020013340003
    },
    "polaroid-16": {
      "position": [
        3.061197724495145,
        0.07,
        0.7063431095015199
      ],
      "rotation": [
        0,
        0.06,
        0
      ],
      "scale": 1.0020020013340003
    },
    "home-desk-video": {
      "position": [
        0.5782732635374443,
        0.08,
        -5.877057700215083
      ],
      "rotation": [
        0,
        1.2992283551720556,
        0
      ],
      "scale": 1
    },
    "jitter-text-0": {
      "position": [
        0.42577550780937173,
        0.04,
        1.5485803877796078
      ],
      "rotation": [
        0,
        0.08,
        0
      ],
      "scale": 1
    },
    "jitter-text-1": {
      "position": [
        0.03155512987989867,
        0.04,
        2.4373397202593003
      ],
      "rotation": [
        0,
        -0.07,
        0
      ],
      "scale": 1
    },
    "jitter-text-2": {
      "position": [
        -0.015160456435962755,
        0.04,
        1.9708862739639423
      ],
      "rotation": [
        0,
        0.05,
        0
      ],
      "scale": 1
    },
    "jitter-text-3": {
      "position": [
        -3.6932520321988855,
        0.04,
        -1.3680161943319844
      ],
      "rotation": [
        0,
        0.05,
        0
      ],
      "scale": 1
    },
    "polaroid-archive-14": {
      "position": [
        -1.70137641273072,
        0.07,
        2.264210522562509
      ],
      "rotation": [
        0,
        -0.11,
        0
      ],
      "scale": 1
    },
    "polaroid-archive-13": {
      "position": [
        -2.3868428246061875,
        0.07,
        -1.4515511331287967
      ],
      "rotation": [
        0,
        0.06,
        0
      ],
      "scale": 1
    },
    "polaroid-archive-03": {
      "position": [
        1.4539154541856234,
        0.07,
        -2.475843619528143
      ],
      "rotation": [
        0,
        -0.10595234934310992,
        0
      ],
      "scale": 1.1306717098886923
    },
    "polaroid-raymond": {
      "position": [
        0.07705018711896783,
        0.07,
        -0.4687399669856236
      ],
      "rotation": [
        0,
        -0.002778571049700252,
        0
      ],
      "scale": 3
    },
    "polaroid-interface-study": {
      "position": [
        -2.696650615921523,
        0.07,
        -0.7170806550285587
      ],
      "rotation": [
        0,
        0.1004298527259332,
        0
      ],
      "scale": 0.9305308958112102
    },
    "polaroid-archive-09": {
      "position": [
        -2.6283063525895436,
        0.07,
        0.1462882661190703
      ],
      "rotation": [
        0,
        0.11111350093888138,
        0
      ],
      "scale": 0.9305308958112102
    },
    "polaroid-archive-08": {
      "position": [
        -2.6439547815857383,
        0.07,
        0.8057522044010837
      ],
      "rotation": [
        0,
        -0.21447052490871177,
        0
      ],
      "scale": 1.0040080106773481
    },
    "polaroid-archive-01": {
      "position": [
        -2.3875850180552898,
        0.07,
        1.605702385089962
      ],
      "rotation": [
        0,
        -1.4996713112780635,
        0
      ],
      "scale": 1
    },