{
  "version": 1,
  "items": {
    "card-2": {
      "position": [
        1.39798683983913,
        0.08,
        1.2072857993965558
      ],
      "rotation": [
        0,
        -0.13924296993100133,
        0
      ],
      "scale": 1.0020020013340003
    },
    "card-1": {
      "position": [
        -1.4918651252772133,
        0.08,
        1.2032391455882996
      ],
      "rotation": [
        0,
        0.11481342243663854,
        0
      ],
      "scale": 1
    },
    "card-0": {
      "position": [
        -0.037591519526436024,
        0.08,
        1.1060734261367358
      ],
      "rotation": [
        0,
        0.033019623908343676,
        0
      ],
      "scale": 1.0020020013340003
    },
    "polaroid-raymond": {
      "position": [
        0.010924649393032435,
        0.07,
        -0.07602741637833532
      ],
      "rotation": [
        0,
        0.030779739402662765,
        0
      ],
      "scale": 1
    },
    "polaroid-archive-01": {
      "position": [
        -2.770850232502075,
        0.07,
        0.8526655652595911
      ],
      "rotation": [
        0,
        -0.012150226789839125,
        0
      ],
      "scale": 1
    },
    "polaroid-archive-05": {
      "position": [
        -2.638846777467393,
        0.07,
        -0.47722336055320025
      ],
      "rotation": [
        0,
        -0.13946304523701772,
        0
      ],
      "scale": 1
    },
    "polaroid-archive-09": {
      "position": [
        -2.3192642496018565,
        0.07,
        -1.0655996836706436
      ],
      "rotation": [
        0,
        0.11111350093888138,
        0
      ],
      "scale": 1
    },
    "polaroid-interface-study": {
      "position": [
        -1.7938166047690571,
        0.07,
        -1.7116823887119206
      ],
      "rotation": [
        0,
        0.1004298527259332,
        0
      ],
      "scale": 1
    },
    "polaroid-archive-02": {
      "position": [
        -1.300156547662171,
        0.07,
        3.7168307328899086
      ],
      "rotation": [
        0,
        -0.008172380079861213,
        0
      ],
      "scale": 1
    },
    "polaroid-archive-04": {
      "position": [
        2.9088274201013715,
        0.060000000000000005,
        2.2774160280268934
      ],
      "rotation": [
        0,
        -0.25096325033281874,
        0
      ],
      "scale": 1.4190675485932644
    },
    "polaroid-launch-notes": {
      "position": [
        1.8085015300797043,
        0.07,
        3.6553302224348414
      ],
      "rotation": [
        0,
        0.09456484527716114,
        0
      ],
      "scale": 1
    },
    "polaroid-archive-06": {
      "position": [
        -2.732625549001227,
        0.07,
        1.6121457489878774
      ],
      "rotation": [
        0,
        -0.08837732930212504,
        0
      ],
      "scale": 1
    },
    "polaroid-archive-03": {
      "position": [
        2.367553543226311,
        0.07,
        -1.3732727819584385
      ],
      "rotation": [
        0,
        -0.10595234934310992,
        0
      ],
      "scale": 1.0020020013340003
    },
    "polaroid-archive-08": {
      "position": [
        3.2615794521656345,
        0.07,
        0.6451555746383
      ],
      "rotation": [
        0,
        0.11111350093888138,
        0
      ],
      "scale": 0.9960079893439915
    },
    "polaroid-archive-12": {
      "position": [
        2.4290966004202383,
        0.07,
        3.035707988930185
      ],
      "rotation": [
        0,
        -0.02440574937121715,
        0
      ],
      "scale": 1
    },
    "polaroid-archive-11": {
      "position": [
        3.3987877644814635,
        0.07,
        1.4222723923069682
      ],
      "rotation": [
        0,
        0.08188840700484665,
        0
      ],
      "scale": 1.0020020013340003
    },
    "polaroid-archive-07": {
      "position": [
        -2.884017668795533,
        0.07,
        0.21511345382199787
      ],
      "rotation": [
        0,
        0.01631688867906911,
        0
      ],
      "scale": 1
    },
    "polaroid-prototype-desk": {
      "position": [
        3.0680192625471654,
        0.07,
        -0.7977699583638584
      ],
      "rotation": [
        0,
        0.13994030442581074,
        0
      ],
      "scale": 1.0020020013340003
    },
    "polaroid-archive-10": {
      "position": [
        -1.8794166772621308,
        0.07,
        3.0347336497442567
      ],
      "rotation": [
        0,
        0.015033219452115774,
        0
      ],
      "scale": 1
    },
    "polaroid-archive-14": {
      "position": [
        -2.477358655877572,
        0.07,
        2.3370773530725732
      ],
      "rotation": [
        0,
        -0.11,
        0
      ],
      "scale": 1
    },
    "polaroid-archive-15": {
      "position": [
        1.700233826419074,
        0.07,
        -1.801947090070994
      ],
      "rotation": [
        0,
        0.09,
        0
      ],
      "scale": 1.0020020013340003
    },
    "polaroid-archive-13": {
      "position": [
        3.19615114996365,
        0.07,
        -0.04939271255060684
      ],
      "rotation": [
        0,
        0.06,
        0
      ],
      "scale": 1.0020020013340003
    },
    "home-desk-video": {
      "position": [
        0.29352226720647084,
        0.08,
        5.068016194331984
      ],
      "rotation": [
        0,
        0.004598389748305176,
        0
      ],
      "scale": 1
    },
    "jitter-text-0": {
      "position": [
        2.8036419362001115,
        0.04,
        0.28137440425860566
      ],
      "rotation": [
        0,
        0.08,
        0
      ],
      "scale": 1
    },
    "jitter-text-1": {
      "position": [
        2.5011947111045956,
        0.04,
        1.0135881980869812
      ],
      "rotation": [
        0,
        -0.07,
        0
      ],
      "scale": 1
    },
    "jitter-text-2": {
      "position": [
        2.4274892304314535,
        0.04,
        0.6550982829150952
      ],
      "rotation": [
        0,
        0.05,
        0
      ],
      "scale": 1
    },
    "jitter-text-3": {
      "position": [
        -2.967206477732794,
        0.04,
        0.6400809716599174
      ],
      "rotation": [
        0,
        0.05,
        0
      ],
      "scale": 1
    }
  },
  "ball": [
    -1.9847309106861841,
    0.5896779116959221
  ]
}