{
  "version": 1,
  "items": {
    "card-2": {
      "position": [3.4546574992187398, 0.08, 1.9927122224565577],
      "rotation": [0, -0.13924296993100133, 0]
    },
    "card-1": {
      "position": [-2.180118707220732, 0.08, 1.899595141700404],
      "rotation": [0, 0.11481342243663854, 0]
    },
    "card-0": {
      "position": [0.6627530704247734, 0.08, 1.7740890676497172],
      "rotation": [0, -0.03517894111675701, 0]
    },
    "polaroid-0": {
      "position": [0.019021815384935498, 0.07, -0.8655011005888613],
      "rotation": [0, 0.030779739402662765, 0]
    },
    "polaroid-4": {
      "position": [-3.677732793527042, 0.07, 0.013259109311621137],
      "rotation": [0, -0.012150226789839125, 0]
    },
    "polaroid-8": {
      "position": [-4.246128449991435, 0.07, -1.7983795224637464],
      "rotation": [0, -0.13946304523701772, 0]
    },
    "polaroid-12": {
      "position": [-2.9373457145297532, 0.07, -2.6485829949759605],
      "rotation": [0, 0.11111350093888138, 0]
    },
    "polaroid-1": {
      "position": [-2.244559506988679, 0.07, -1.3985917965391097],
      "rotation": [0, 0.1004298527259332, 0]
    },
    "polaroid-5": {
      "position": [-5.841316520689203, 0.07, 2.406438990937213],
      "rotation": [0, -0.008172380079861213, 0]
    },
    "polaroid-7": {
      "position": [4.884531147072035, 0.07, -0.378441045682765],
      "rotation": [0, -0.25096325033281874, 0]
    },
    "polaroid-3": {
      "position": [-5.895951417004049, 0.07, -3.080161943319839],
      "rotation": [0, 0.09456484527716114, 0]
    },
    "polaroid-9": {
      "position": [5.455633560310515, 0.07, 3.0801619433198373],
      "rotation": [0, -0.08837732930212504, 0]
    },
    "polaroid-6": {
      "position": [1.3189620287037997, 0.07, -2.4623481781376526],
      "rotation": [0, -0.10595234934310992, 0]
    },
    "polaroid-11": {
      "position": [-2.108191706149555, 0.07, 0.05271692226250271],
      "rotation": [0, 0.11111350093888138, 0]
    },
    "polaroid-15": {
      "position": [4.7097972221977855, 0.07, -2.1397291301264487],
      "rotation": [0, -0.02440574937121715, 0]
    },
    "polaroid-14": {
      "position": [5.805672717747626, 0.07, 1.0680161841823288],
      "rotation": [0, 0.08188840700484665, 0]
    },
    "polaroid-10": {
      "position": [-4.971735969738304, 0.07, -0.8186227136645967],
      "rotation": [0, 0.01631688867906911, 0]
    },
    "polaroid-2": {
      "position": [3.0902864689809575, 0.07, -0.5912922256137949],
      "rotation": [0, 0.13994030442581074, 0]
    },
    "polaroid-13": {
      "position": [-4.417861247681786, 0.07, 2.956475470513934],
      "rotation": [0, 0.015033219452115774, 0]
    },
    "polaroid-17": {
      "position": [-4.381538461538462, 0.07, 1.300647773279353],
      "rotation": [0, -0.11, 0]
    },
    "polaroid-18": {
      "position": [2.643562753036438, 0.07, -2.0731781376518237],
      "rotation": [0, 0.09, 0]
    },
    "polaroid-16": {
      "position": [-0.40303913343716047, 0.07, -2.320647773279353],
      "rotation": [0, 0.06, 0]
    }
  },
  "ball": [1.3584954995954617, -0.9215271042511393],
  "camera": {
    "x": 0,
    "y": 4,
    "z": 0,
    "zoom": 1
  }
}
